k,order_type,num_problems,pass@1,passed_count,passed_percentage
1,normal,164,0.5853658536585366,96,58.536585365853654
5,normal,164,0.6097560975609756,100,60.97560975609756
10,normal,163,0.558282208588957,91,55.828220858895705
