k,order_type,num_problems,pass@1,passed_count,passed_percentage
1,normal,163,0.9754601226993865,159,97.54601226993866
5,normal,161,0.9627329192546584,155,96.27329192546584
10,normal,161,0.9503105590062112,153,95.03105590062113
