k,order_type,num_problems,pass@1,passed_count,passed_percentage
1,normal,164,0.9512195121951219,156,95.1219512195122
5,normal,164,0.9817073170731707,161,98.17073170731707
10,normal,164,0.9451219512195121,155,94.51219512195121
