k,order_type,num_problems,pass@1,passed_count,passed_percentage
1,normal,164,0.8475609756097561,139,84.7560975609756
5,normal,164,0.8902439024390244,146,89.02439024390245
10,normal,164,0.9085365853658537,149,90.85365853658537
