k,order_type,num_problems,pass@1,passed_count,passed_percentage
0,normal,164,0.9573170731707317,157,95.73170731707317
1,normal,164,0.5426829268292683,89,54.268292682926834
5,normal,164,0.5548780487804879,91,55.487804878048784
10,normal,163,0.5398773006134969,88,53.987730061349694
