k,order_type,num_problems,pass@1,passed_count,passed_percentage
1,normal,164,0.9878048780487805,162,98.78048780487805
5,normal,164,0.9878048780487805,162,98.78048780487805
10,normal,164,0.9634146341463414,158,96.34146341463415
