k,order_type,num_problems,pass@1,passed_count,passed_percentage
0,normal,164,0.9085365853658537,149,90.85365853658537
1,normal,164,0.9695121951219512,159,96.95121951219512
5,normal,164,0.9573170731707317,157,95.73170731707317
10,normal,164,0.9512195121951219,156,95.1219512195122
