k,order_type,num_problems,pass@1,passed_count,passed_percentage
1,normal,164,0.9939024390243902,163,99.39024390243902
5,normal,164,0.9878048780487805,162,98.78048780487805
10,normal,164,0.9817073170731707,161,98.17073170731707
