k,order_type,num_problems,pass@1,passed_count,passed_percentage
0,normal,164,0.8963414634146342,147,89.63414634146342
1,normal,164,0.975609756097561,160,97.5609756097561
5,normal,164,0.9695121951219512,159,96.95121951219512
10,normal,164,0.9695121951219512,159,96.95121951219512
