llm_model,embedding_model,normalization_type,rerank_k,initial_k,alpha,baseline_recall@1,baseline_recall@5,baseline_recall@10,baseline_recall@25,baseline_recall@50,baseline_recall@100,reranked_recall@1,reranked_recall@5,reranked_recall@10,reranked_recall@25,reranked_recall@50,reranked_recall@100
meta-llama/Llama-3.1-70B-Instruct,avsolatorio/GIST-large-Embedding-v0,none,25,100,0.7,1.0,1.0,1.0,1.0,1.0,1.0,0.9695121951219512,0.9878048780487805,0.9939024390243902,1.0,1.0,1.0
meta-llama/Llama-3.1-70B-Instruct,avsolatorio/GIST-large-Embedding-v0,docstring,25,100,0.7,0.9878048780487805,1.0,1.0,1.0,1.0,1.0,0.9451219512195121,0.9939024390243902,1.0,1.0,1.0,1.0
meta-llama/Llama-3.1-70B-Instruct,avsolatorio/GIST-large-Embedding-v0,variables,25,100,0.7,0.9207317073170732,0.9817073170731707,0.9817073170731707,1.0,1.0,1.0,0.8109756097560976,0.8658536585365854,0.8963414634146342,1.0,1.0,1.0
meta-llama/Llama-3.1-70B-Instruct,avsolatorio/GIST-large-Embedding-v0,functions,25,100,0.7,0.5426829268292683,0.774390243902439,0.8353658536585366,0.926829268292683,0.9634146341463414,0.9939024390243902,0.6646341463414634,0.8658536585365854,0.8719512195121951,0.926829268292683,0.9634146341463414,0.9939024390243902
meta-llama/Llama-3.1-70B-Instruct,avsolatorio/GIST-large-Embedding-v0,both,25,100,0.7,0.18902439024390244,0.34146341463414637,0.4268292682926829,0.5060975609756098,0.6280487804878049,0.7195121951219512,0.31097560975609756,0.45121951219512196,0.4573170731707317,0.5060975609756098,0.6280487804878049,0.7195121951219512
